{
  "n_tx": 3457184,
  "n_seq_assigned": 3347076,
  "buffer_um": 20.0,
  "configs": {
    "tiled_2x2": {
      "n_union_assigned": 3349461,
      "n_both_assigned": 3317905,
      "n_interior_union": 3124560,
      "purity_seq_to_tiled": 0.9249754113739873,
      "metrics": {
        "mega-class (all tx)": {
          "n": 3457184,
          "ARI": 0.7570904224470841,
          "RI": 0.9993515629652939,
          "NMI": 0.9762089963054151,
          "h": 0.9790709940921126,
          "c": 0.9733636820020077,
          "V": 0.976208996305415
        },
        "singletons (all tx)": {
          "n": 3457184,
          "ARI": 0.9120749538985589,
          "RI": 0.9999920326370632,
          "NMI": 0.9815056268412852,
          "h": 0.9888879287095454,
          "c": 0.9742327297895124,
          "V": 0.9815056268412851
        },
        "assigned-in-both": {
          "n": 3317905,
          "ARI": 0.9162054290619742,
          "RI": 0.9999917932537727,
          "NMI": 0.9823434529887621,
          "h": 0.9885011802648713,
          "c": 0.9762619681409256,
          "V": 0.9823434529887621
        },
        "interior (singletons)": {
          "n": 3124560,
          "ARI": 0.9118458861632098,
          "RI": 0.9999909042540585,
          "NMI": 0.9800987485087151,
          "h": 0.9879097866962437,
          "c": 0.9724102593651398,
          "V": 0.9800987485087151
        }
      }
    },
    "tiled_3x3": {
      "n_union_assigned": 3349607,
      "n_both_assigned": 3311776,
      "n_interior_union": 3005037,
      "purity_seq_to_tiled": 0.9146207017707396,
      "metrics": {
        "mega-class (all tx)": {
          "n": 3457184,
          "ARI": 0.7170663994187646,
          "RI": 0.9992053731532324,
          "NMI": 0.9727871549317134,
          "h": 0.9758827278116282,
          "c": 0.9697111587297456,
          "V": 0.9727871549317134
        },
        "singletons (all tx)": {
          "n": 3457184,
          "ARI": 0.901535617418909,
          "RI": 0.9999911447637825,
          "NMI": 0.9790754789029458,
          "h": 0.987712535543974,
          "c": 0.9705881663838715,
          "V": 0.9790754789029458
        },
        "assigned-in-both": {
          "n": 3311776,
          "ARI": 0.9066706087520319,
          "RI": 0.9999909051786194,
          "NMI": 0.9801688357937677,
          "h": 0.987243213909264,
          "c": 0.9731951233531472,
          "V": 0.9801688357937677
        },
        "interior (singletons)": {
          "n": 3005037,
          "ARI": 0.9016299873484631,
          "RI": 0.999989560233126,
          "NMI": 0.9772360788464035,
          "h": 0.986428388850358,
          "c": 0.968213509313506,
          "V": 0.9772360788464035
        }
      }
    }
  }
}