leiden,cell,partial,n
0,0.9071243149697145,0.09287568503028555,3467
1,0.878169629845526,0.12183037015447391,3431
2,0.7449922958397535,0.25500770416024654,2596
3,0.8301292152537031,0.16987078474629688,3173
4,0.8934854969091773,0.10651450309082264,2103
5,0.2575452716297787,0.7424547283702213,497
6,0.9374634716540035,0.06253652834599649,1711
7,0.7305084745762712,0.26949152542372884,590
