leiden,cell,input,partial,n
0,0.003642072213500785,0.9905180533751963,0.005839874411302983,15925
1,0.28340807174887894,0.6819133034379671,0.03467862481315396,6690
2,0.5801848874598071,0.32234726688102894,0.09746784565916398,4976
3,0.5591891891891891,0.3345945945945946,0.10621621621621621,3700
4,0.6308621636463482,0.2559033498077979,0.11323448654585393,9105
5,0.3394294074615947,0.3335771762984638,0.3269934162399415,1367
6,0.40922619047619047,0.5612599206349206,0.029513888888888888,4032
