variant,etype,n,C_min,C_max,C_mean,ntx_min,ntx_max,ntx_mean,C_p10,C_p20,C_p30,C_p40,C_p50,C_p60,C_p70,C_p80,C_p90,ntx_p10,ntx_p20,ntx_p30,ntx_p40,ntx_p50,ntx_p60,ntx_p70,ntx_p80,ntx_p90
thr10_default,cell,210272,-0.20000000298023224,1.0,0.7954040169715881,3.0,1115.0,74.50767101658803,0.5663716793060303,0.6547975540161133,0.7117117047309875,0.7641903758049011,0.8223727941513062,0.8804348111152649,0.9230769276618958,0.9530912041664124,0.981203019618988,15.0,22.0,29.0,37.0,46.0,59.0,78.0,109.0,172.0
thr10_default,partial,259099,-0.5,1.0,0.8337935209274292,5.0,286.0,15.568547157650164,0.5625,0.6666666865348816,0.7551020383834839,0.828125,0.8888888955116272,0.9534883499145508,1.0,1.0,1.0,6.0,7.0,8.0,9.0,11.0,13.0,16.0,21.0,31.0
thr10_strict,cell,209433,0.05000000074505806,1.0,0.9261807203292847,3.0,1080.0,69.35914588436397,0.8163265585899353,0.8701298832893372,0.90625,0.9333333373069763,0.9547511339187622,0.9736841917037964,0.9880656003952026,0.9955891966819763,1.0,14.0,20.0,26.0,32.0,41.0,53.0,70.0,99.0,163.0
thr10_strict,partial,315150,-0.5,1.0,0.9336892366409302,5.0,326.0,15.07918451531017,0.792682945728302,0.875,0.9285714030265808,0.9714285731315613,1.0,1.0,1.0,1.0,1.0,5.0,6.0,7.0,8.0,10.0,12.0,15.0,20.0,31.0
thr0_default,cell,206891,0.033898305147886276,1.0,0.8553624153137207,3.0,1113.0,75.39588478957519,0.6623376607894897,0.7444444298744202,0.7969231009483337,0.84375,0.8921738862991333,0.9352518916130066,0.9630836248397827,0.9850075244903564,1.0,16.0,22.0,29.0,37.0,47.0,60.0,79.0,110.0,173.0
thr0_default,partial,248208,-0.75,1.0,0.8907944560050964,5.0,278.0,16.02053116740798,0.65625,0.7777777910232544,0.8571428656578064,0.931034505367279,1.0,1.0,1.0,1.0,1.0,6.0,7.0,8.0,9.0,11.0,13.0,16.0,22.0,32.0
thr0_strict,cell,206467,0.056603774428367615,1.0,0.9470994472503662,3.0,1078.0,71.65211874052513,0.8518518805503845,0.9039060473442078,0.9377777576446533,0.9622641801834106,0.9805194735527039,0.9943289160728455,0.9991919994354248,1.0,1.0,15.0,21.0,27.0,34.0,43.0,55.0,73.0,103.0,167.0
thr0_strict,partial,284331,-0.75,1.0,0.9568366408348083,5.0,296.0,16.009372878792675,0.8518518805503845,0.9444444179534912,1.0,1.0,1.0,1.0,1.0,1.0,1.0,6.0,7.0,8.0,9.0,11.0,13.0,16.0,22.0,33.0
